componente,frase,grupo_num,peso_semantico,lineas_disponibles,año,semestre,municipio,vereda,participantes,grupo,lineas_inversion
económico,Las principales actividades economicas de la vereda son pocos cultivos de café,2,0.873,"['Agua y territorio', 'Desarrollo rural', 'Educación y competitividad', 'Infraestructura comunitaria', 'Fortalecimiento comunitario']",2026,1,Marmato,Guayabales,3,Grupo C,Desarrollo rural
económico,Hay poca ganaderia,3,0.865,"['Agua y territorio', 'Desarrollo rural', 'Educación y competitividad', 'Infraestructura comunitaria', 'Fortalecimiento comunitario']",2026,1,Marmato,Guayabales,3,Grupo D,Desarrollo rural
económico,Existe un sector donde se realiza mineria,1,0.784,"['Agua y territorio', 'Desarrollo rural', 'Educación y competitividad', 'Infraestructura comunitaria', 'Fortalecimiento comunitario']",2026,1,Marmato,Guayabales,3,Grupo B,Desarrollo rural
económico,"Limpian el oro en las bateas y lo venden, asi no hacen ninguna cosa con el",1,0.625,"['Agua y territorio', 'Desarrollo rural', 'Educación y competitividad', 'Infraestructura comunitaria', 'Fortalecimiento comunitario']",2026,1,Marmato,Guayabales,3,Grupo B,Desarrollo rural
económico,"Las principales actividades economicas de la vereda son cultivos de café, minera y ganaderia",2,0.945,"['Agua y territorio', 'Desarrollo rural', 'Educación y competitividad', 'Infraestructura comunitaria', 'Fortalecimiento comunitario']",2026,1,Marmato,Buenavista,1,Grupo C,Desarrollo rural
económico,"Las principales actividades economicas de la vereda son café, mineria con molinos y en menor medida cultivos de caña, cacao y ganaderia",2,0.942,"['Agua y territorio', 'Desarrollo rural', 'Educación y competitividad', 'Infraestructura comunitaria', 'Fortalecimiento comunitario']",2026,1,Marmato,Guadualejo,2,Grupo C,Desarrollo rural
económico,En los molinos se genera empleo,1,0.81,"['Agua y territorio', 'Desarrollo rural', 'Educación y competitividad', 'Infraestructura comunitaria', 'Fortalecimiento comunitario']",2026,1,Marmato,Guadualejo,2,Grupo B,"Desarrollo rural, Infraestructura comunitaria"
económico,"Las principales actividades economicas de la vereda son café, en menor medida cultivos de caña y aguacate solo para el consumo personal y la ganaderia solo 2 personas en la vereda lo manejan y es para la venta",2,0.887,"['Agua y territorio', 'Desarrollo rural', 'Educación y competitividad', 'Infraestructura comunitaria', 'Fortalecimiento comunitario']",2026,1,Supia,Alto San Francisco,2,Grupo C,Desarrollo rural
económico,"Las principales actividades economicas de la vereda son cultivos de café, platano, citricos,cacao, ganado y porcicultura",2,0.911,"['Agua y territorio', 'Desarrollo rural', 'Educación y competitividad', 'Infraestructura comunitaria', 'Fortalecimiento comunitario']",2026,1,Supia,Bajo San Francisco,3,Grupo C,Desarrollo rural
económico,"Existen saberes tradicionales que se estan perdiendo como artesania, sobanderos y comida tipica y pueden generar una fuente de ingreso",0,0.897,"['Agua y territorio', 'Desarrollo rural', 'Educación y competitividad', 'Infraestructura comunitaria', 'Fortalecimiento comunitario']",2026,1,Supia,Bajo San Francisco,3,Grupo A,"Desarrollo rural, Fortalecimiento comunitario"
económico,"Las principales actividades economicas de la vereda son cultivos de café, platano, en menor medida ganaderia con 3 fincas y cultivo de yuca, caña para uso familiar",2,0.903,"['Agua y territorio', 'Desarrollo rural', 'Educación y competitividad', 'Infraestructura comunitaria', 'Fortalecimiento comunitario']",2026,1,Supia,La Amalia,2,Grupo C,Desarrollo rural
económico,En la comunidad la ganaderia no es un sector dominante solo dos familias realizan este tipo de actividad pero no es tan grande,3,0.835,"['Agua y territorio', 'Desarrollo rural', 'Educación y competitividad', 'Infraestructura comunitaria', 'Fortalecimiento comunitario']",2026,1,Supia,La Bodega,1,Grupo D,Desarrollo rural
económico,El cultivo dominante es el café,2,0.856,"['Agua y territorio', 'Desarrollo rural', 'Educación y competitividad', 'Infraestructura comunitaria', 'Fortalecimiento comunitario']",2026,1,Supia,La Bodega,1,Grupo C,Desarrollo rural
económico,"Tambien hay cultivo de platano y huertas para consumo familiar, se realiza de manera tradicional y cultural ya que los ancestros decian que mejoraba no solo el aspecto sino que tambien ofrecia un aspecto llamativo",0,0.744,"['Agua y territorio', 'Desarrollo rural', 'Educación y competitividad', 'Infraestructura comunitaria', 'Fortalecimiento comunitario']",2026,1,Supia,La Bodega,1,Grupo A,Desarrollo rural
económico,"Hay saberes ancestrales que han ido desapareciendo como la medicina, la elaboracion de canastas y productos de empaque con elementos reutilizables y pueden ser fuentes nuevas de ingeso",0,0.871,"['Agua y territorio', 'Desarrollo rural', 'Educación y competitividad', 'Infraestructura comunitaria', 'Fortalecimiento comunitario']",2026,1,Supia,La Bodega,1,Grupo A,"Desarrollo rural, Fortalecimiento comunitario"
económico,En la comunidad hay una antigua mina que esta inactiva,3,0.719,"['Agua y territorio', 'Desarrollo rural', 'Educación y competitividad', 'Infraestructura comunitaria', 'Fortalecimiento comunitario']",2026,1,Supia,La Bodega,1,Grupo D,Desarrollo rural
económico,Hay generadores de empleo como fincas productoras y limpieza domestica,1,0.786,"['Agua y territorio', 'Desarrollo rural', 'Educación y competitividad', 'Infraestructura comunitaria', 'Fortalecimiento comunitario']",2026,1,Supia,La Bodega,1,Grupo B,Fortalecimiento comunitario
económico,La principal fuente de ingreso es el café,2,0.813,"['Agua y territorio', 'Desarrollo rural', 'Educación y competitividad', 'Infraestructura comunitaria', 'Fortalecimiento comunitario']",2026,1,Supia,La Quinta,4,Grupo C,Desarrollo rural
económico,"Para el consumo familiar hay caña de azucar, huertas caseras, pollos, gallinas y cerdos",0,0.626,"['Agua y territorio', 'Desarrollo rural', 'Educación y competitividad', 'Infraestructura comunitaria', 'Fortalecimiento comunitario']",2026,1,Supia,La Quinta,4,Grupo A,Desarrollo rural
económico,Existe un taller de confecciones,1,0.695,"['Agua y territorio', 'Desarrollo rural', 'Educación y competitividad', 'Infraestructura comunitaria', 'Fortalecimiento comunitario']",2026,1,Supia,La Quinta,4,Grupo B,Fortalecimiento comunitario
económico,Hay emprendimientos de transformacion del platano,1,0.754,"['Agua y territorio', 'Desarrollo rural', 'Educación y competitividad', 'Infraestructura comunitaria', 'Fortalecimiento comunitario']",2026,1,Supia,La Quinta,4,Grupo B,Desarrollo rural
económico,Los saberes de plantas medicinales y elaboracion de jabones medicinales son tradiciones que se han ido perdiendo y pueden ser nuevas fuentes de ingreso,0,0.856,"['Agua y territorio', 'Desarrollo rural', 'Educación y competitividad', 'Infraestructura comunitaria', 'Fortalecimiento comunitario']",2026,1,Supia,La Quinta,4,Grupo A,Fortalecimiento comunitario
social,"Hacemos parte de la vereda cabras y somos un sector donde hay aproximadamente 120 habitantes, niños 15,  niñas 20",0,0.72,"['Agua y territorio', 'Desarrollo rural', 'Educación y competitividad', 'Infraestructura comunitaria', 'Fortalecimiento comunitario']",2026,1,Marmato,Guayabales,3,Grupo A,"Agua y territorio, Desarrollo rural"
social,La lulera es un sector donde hay alrededor de 15 viviendas,1,0.578,"['Agua y territorio', 'Desarrollo rural', 'Educación y competitividad', 'Infraestructura comunitaria', 'Fortalecimiento comunitario']",2026,1,Marmato,Guayabales,3,Grupo B,Fortalecimiento comunitario
social,"Algunos tramos de vias tienen placa huellas, otros esta un poco en mal estado",5,0.792,"['Agua y territorio', 'Desarrollo rural', 'Educación y competitividad', 'Infraestructura comunitaria', 'Fortalecimiento comunitario']",2026,1,Marmato,Guayabales,3,Grupo F,"Infraestructura comunitaria, Fortalecimiento comunitario"
social,No se presenta inseguridad en la zona,2,0.49,"['Agua y territorio', 'Desarrollo rural', 'Educación y competitividad', 'Infraestructura comunitaria', 'Fortalecimiento comunitario']",2026,1,Marmato,Guayabales,3,Grupo C,Fortalecimiento comunitario
social,"No contamos con instituicion educativa en el sector, los niños van a estudiar a la vereda la portada que queda cerca",2,0.682,"['Agua y territorio', 'Desarrollo rural', 'Educación y competitividad', 'Infraestructura comunitaria', 'Fortalecimiento comunitario']",2026,1,Marmato,Guayabales,3,Grupo C,"Educación y competitividad, Fortalecimiento comunitario"
social,"La mayoria de las casas tienen pozo septicos,  pero no todas tienen",1,0.91,"['Agua y territorio', 'Desarrollo rural', 'Educación y competitividad', 'Infraestructura comunitaria', 'Fortalecimiento comunitario']",2026,1,Marmato,Guayabales,3,Grupo B,Agua y territorio
social,No hay punto vive digital con conexion de internet,2,0.595,"['Agua y territorio', 'Desarrollo rural', 'Educación y competitividad', 'Infraestructura comunitaria', 'Fortalecimiento comunitario']",2026,1,Marmato,Guayabales,3,Grupo C,"Educación y competitividad, Fortalecimiento comunitario"
social,En la vereda no hay canchas ni parques infantiles,2,0.636,"['Agua y territorio', 'Desarrollo rural', 'Educación y competitividad', 'Infraestructura comunitaria', 'Fortalecimiento comunitario']",2026,1,Marmato,Guayabales,3,Grupo C,"Infraestructura comunitaria, Fortalecimiento comunitario"
social,No hay iglesia ni capilla nos dirigimos a la vereda cabras,2,0.666,"['Agua y territorio', 'Desarrollo rural', 'Educación y competitividad', 'Infraestructura comunitaria', 'Fortalecimiento comunitario']",2026,1,Marmato,Guayabales,3,Grupo C,Fortalecimiento comunitario
social,"No hay puesto de salud, nos dirigimos al hospital en el llano en marmato",2,0.655,"['Agua y territorio', 'Desarrollo rural', 'Educación y competitividad', 'Infraestructura comunitaria', 'Fortalecimiento comunitario']",2026,1,Marmato,Guayabales,3,Grupo C,"Agua y territorio, Desarrollo rural"
social,"No tenemos caseta comunal, esta en proyecto y nos reunimos en la vivienda de la señora Socorro fernandez",2,0.695,"['Agua y territorio', 'Desarrollo rural', 'Educación y competitividad', 'Infraestructura comunitaria', 'Fortalecimiento comunitario']",2026,1,Marmato,Guayabales,3,Grupo C,"Infraestructura comunitaria, Fortalecimiento comunitario"
social,"Al no tener caseta perdemos apoyo de entidades como el Sena ya que no contamos con espacio para capacitaciones, charlas o talleres",2,0.668,"['Agua y territorio', 'Desarrollo rural', 'Educación y competitividad', 'Infraestructura comunitaria', 'Fortalecimiento comunitario']",2026,1,Marmato,Guayabales,3,Grupo C,"Infraestructura comunitaria, Fortalecimiento comunitario"
social,Los habitantes de la vereda son catolicos,3,0.801,"['Agua y territorio', 'Desarrollo rural', 'Educación y competitividad', 'Infraestructura comunitaria', 'Fortalecimiento comunitario']",2026,1,Marmato,Guayabales,3,Grupo D,Fortalecimiento comunitario
social,"Se tiene servicio publicos como agua, luz y aseo, el gas se compra en pipas en la tienda de la comunidad",4,0.848,"['Agua y territorio', 'Desarrollo rural', 'Educación y competitividad', 'Infraestructura comunitaria', 'Fortalecimiento comunitario']",2026,1,Marmato,Guayabales,3,Grupo E,"Agua y territorio, Desarrollo rural"
social,"No hay acueducto en la vereda, algunas casas se abastecen del acueducto de la vereda cabras, otras viviendas se abastecen de nacimientos",1,0.83,"['Agua y territorio', 'Desarrollo rural', 'Educación y competitividad', 'Infraestructura comunitaria', 'Fortalecimiento comunitario']",2026,1,Marmato,Guayabales,3,Grupo B,Agua y territorio
social,"Hacemos parte de la vereda cabras y somos un sector donde hay aproximadamente 160 adultos, 13 niños, 17 niñas y hay mas hombres que mujeres",0,0.768,"['Agua y territorio', 'Desarrollo rural', 'Educación y competitividad', 'Infraestructura comunitaria', 'Fortalecimiento comunitario']",2026,1,Marmato,Buenavista,1,Grupo A,Fortalecimiento comunitario
social,No se cuenta con pozos septicos,2,0.601,"['Agua y territorio', 'Desarrollo rural', 'Educación y competitividad', 'Infraestructura comunitaria', 'Fortalecimiento comunitario']",2026,1,Marmato,Buenavista,1,Grupo C,Agua y territorio
social,No tenemos percepcion de inseguridad,2,0.495,"['Agua y territorio', 'Desarrollo rural', 'Educación y competitividad', 'Infraestructura comunitaria', 'Fortalecimiento comunitario']",2026,1,Marmato,Buenavista,1,Grupo C,Fortalecimiento comunitario
social,"No contamos con institucion educativa, los niños estudian en la sede central de la vereda cabras",2,0.671,"['Agua y territorio', 'Desarrollo rural', 'Educación y competitividad', 'Infraestructura comunitaria', 'Fortalecimiento comunitario']",2026,1,Marmato,Buenavista,1,Grupo C,"Educación y competitividad, Fortalecimiento comunitario"
social,No tenemos capilla,2,0.853,"['Agua y territorio', 'Desarrollo rural', 'Educación y competitividad', 'Infraestructura comunitaria', 'Fortalecimiento comunitario']",2026,1,Marmato,Buenavista,1,Grupo C,Fortalecimiento comunitario
social,No tenemos cancha ni parque,2,0.855,"['Agua y territorio', 'Desarrollo rural', 'Educación y competitividad', 'Infraestructura comunitaria', 'Fortalecimiento comunitario']",2026,1,Marmato,Buenavista,1,Grupo C,Infraestructura comunitaria
social,La mayoria de las personas son de religion catolica,3,0.841,"['Agua y territorio', 'Desarrollo rural', 'Educación y competitividad', 'Infraestructura comunitaria', 'Fortalecimiento comunitario']",2026,1,Marmato,Buenavista,1,Grupo D,Fortalecimiento comunitario
social,No contamos con punto vive digital,2,0.679,"['Agua y territorio', 'Desarrollo rural', 'Educación y competitividad', 'Infraestructura comunitaria', 'Fortalecimiento comunitario']",2026,1,Marmato,Buenavista,1,Grupo C,"Educación y competitividad, Infraestructura comunitaria"
social,"Tenemos servicios publicos como agua del nacimiento del sector de guayabales, energia y aseo",4,0.901,"['Agua y territorio', 'Desarrollo rural', 'Educación y competitividad', 'Infraestructura comunitaria', 'Fortalecimiento comunitario']",2026,1,Marmato,Buenavista,1,Grupo E,"Agua y territorio, Desarrollo rural"
social,"No tenemos puesto de salud, nos dirigimos al hospital San Antonio en el Llano en Marmato",2,0.628,"['Agua y territorio', 'Desarrollo rural', 'Educación y competitividad', 'Infraestructura comunitaria', 'Fortalecimiento comunitario']",2026,1,Marmato,Buenavista,1,Grupo C,"Desarrollo rural, Fortalecimiento comunitario"
social,"No tenemos caseta comunal, nos reunimos en la casa de la señora Rosa T",2,0.624,"['Agua y territorio', 'Desarrollo rural', 'Educación y competitividad', 'Infraestructura comunitaria', 'Fortalecimiento comunitario']",2026,1,Marmato,Buenavista,1,Grupo C,Infraestructura comunitaria
social,En la vereda hay aproximadamente 150 personas con mayor presencia de hombres y 40 niños,0,0.691,"['Agua y territorio', 'Desarrollo rural', 'Educación y competitividad', 'Infraestructura comunitaria', 'Fortalecimiento comunitario']",2026,1,Marmato,Guadualejo,2,Grupo A,Fortalecimiento comunitario
social,"Tenemos caseta comunal pero inhabilitada por deterioro, se reunen en el sector del reversadero",0,0.716,"['Agua y territorio', 'Desarrollo rural', 'Educación y competitividad', 'Infraestructura comunitaria', 'Fortalecimiento comunitario']",2026,1,Marmato,Guadualejo,2,Grupo A,Infraestructura comunitaria
social,Tenemos la estructura del puesto de salud pero inhabilitado por deterioro,2,0.568,"['Agua y territorio', 'Desarrollo rural', 'Educación y competitividad', 'Infraestructura comunitaria', 'Fortalecimiento comunitario']",2026,1,Marmato,Guadualejo,2,Grupo C,"Infraestructura comunitaria, Desarrollo rural"
social,Tenemos institucion educativa con internet,0,0.534,"['Agua y territorio', 'Desarrollo rural', 'Educación y competitividad', 'Infraestructura comunitaria', 'Fortalecimiento comunitario']",2026,1,Marmato,Guadualejo,2,Grupo A,Educación y competitividad
social,Contamos con dos canchas,5,0.571,"['Agua y territorio', 'Desarrollo rural', 'Educación y competitividad', 'Infraestructura comunitaria', 'Fortalecimiento comunitario']",2026,1,Marmato,Guadualejo,2,Grupo F,Infraestructura comunitaria
social,No contamos con parque,2,0.861,"['Agua y territorio', 'Desarrollo rural', 'Educación y competitividad', 'Infraestructura comunitaria', 'Fortalecimiento comunitario']",2026,1,Marmato,Guadualejo,2,Grupo C,Infraestructura comunitaria
social,Las expresiones religiosas presentes en la vereda son los catolicos y adventistas,3,0.969,"['Agua y territorio', 'Desarrollo rural', 'Educación y competitividad', 'Infraestructura comunitaria', 'Fortalecimiento comunitario']",2026,1,Marmato,Guadualejo,2,Grupo D,Fortalecimiento comunitario
social,No contamos con pozos septicos,2,0.74,"['Agua y territorio', 'Desarrollo rural', 'Educación y competitividad', 'Infraestructura comunitaria', 'Fortalecimiento comunitario']",2026,1,Marmato,Guadualejo,2,Grupo C,Agua y territorio
social,"Contamos con servicio publico de agua de nacimiento, energia y aseo, el gas es por  pipa",4,0.938,"['Agua y territorio', 'Desarrollo rural', 'Educación y competitividad', 'Infraestructura comunitaria', 'Fortalecimiento comunitario']",2026,1,Marmato,Guadualejo,2,Grupo E,Agua y territorio
social,"En general el estado de las vias es regular, en el sector de los molinos los dueños se encargan de arreglar la via por deterioro o desastres",5,0.703,"['Agua y territorio', 'Desarrollo rural', 'Educación y competitividad', 'Infraestructura comunitaria', 'Fortalecimiento comunitario']",2026,1,Marmato,Guadualejo,2,Grupo F,Infraestructura comunitaria
social,No tenemos puntos de inseguridad,2,0.576,"['Agua y territorio', 'Desarrollo rural', 'Educación y competitividad', 'Infraestructura comunitaria', 'Fortalecimiento comunitario']",2026,1,Marmato,Guadualejo,2,Grupo C,Fortalecimiento comunitario
social,Contamos con artesanas en el sector de conchari y productores pequeños de panela y miel,0,0.452,"['Agua y territorio', 'Desarrollo rural', 'Educación y competitividad', 'Infraestructura comunitaria', 'Fortalecimiento comunitario']",2026,1,Marmato,Guadualejo,2,Grupo A,Desarrollo rural
social,"En la vereda hay aproximadamente 144 personas, 36 casas, 11 estudiantes de primaria, 4 de secundaria, 5 niños, 6 niñas y hay mas mujeres que hombres",0,0.794,"['Agua y territorio', 'Desarrollo rural', 'Educación y competitividad', 'Infraestructura comunitaria', 'Fortalecimiento comunitario']",2026,1,Supia,Alto San Francisco,2,Grupo A,Fortalecimiento comunitario
social,Los estudiantes que se graduan de quinto se trasladan a estudiar hacia la institucion educativa hojas anchas,0,0.529,"['Agua y territorio', 'Desarrollo rural', 'Educación y competitividad', 'Infraestructura comunitaria', 'Fortalecimiento comunitario']",2026,1,Supia,Alto San Francisco,2,Grupo A,Educación y competitividad
social,"La via esta en mal estado por tramos, el resto esta en carriles",5,0.82,"['Agua y territorio', 'Desarrollo rural', 'Educación y competitividad', 'Infraestructura comunitaria', 'Fortalecimiento comunitario']",2026,1,Supia,Alto San Francisco,2,Grupo F,Infraestructura comunitaria
social,"Los servicios publicos son agua de cañadas, energia y aseo",4,0.934,"['Agua y territorio', 'Desarrollo rural', 'Educación y competitividad', 'Infraestructura comunitaria', 'Fortalecimiento comunitario']",2026,1,Supia,Alto San Francisco,2,Grupo E,Agua y territorio
social,Solo algunas casas tienen pozos septicos,1,0.884,"['Agua y territorio', 'Desarrollo rural', 'Educación y competitividad', 'Infraestructura comunitaria', 'Fortalecimiento comunitario']",2026,1,Supia,Alto San Francisco,2,Grupo B,Agua y territorio
social,Tenemos institucion educativa llamada el contento con conexion a internet para ellos,0,0.608,"['Agua y territorio', 'Desarrollo rural', 'Educación y competitividad', 'Infraestructura comunitaria', 'Fortalecimiento comunitario']",2026,1,Supia,Alto San Francisco,2,Grupo A,Educación y competitividad
social,Solo 4 casas tienen conexion a internet,1,0.632,"['Agua y territorio', 'Desarrollo rural', 'Educación y competitividad', 'Infraestructura comunitaria', 'Fortalecimiento comunitario']",2026,1,Supia,Alto San Francisco,2,Grupo B,Educación y competitividad
social,Las expresiones religiosas son catolicos y adventistas,3,0.939,"['Agua y territorio', 'Desarrollo rural', 'Educación y competitividad', 'Infraestructura comunitaria', 'Fortalecimiento comunitario']",2026,1,Supia,Alto San Francisco,2,Grupo D,Fortalecimiento comunitario
social,Las peleas se dan entre vecinos por linderos o discordias,5,0.479,"['Agua y territorio', 'Desarrollo rural', 'Educación y competitividad', 'Infraestructura comunitaria', 'Fortalecimiento comunitario']",2026,1,Supia,Alto San Francisco,2,Grupo F,Fortalecimiento comunitario
social,Tenemos caseta comunal,0,0.802,"['Agua y territorio', 'Desarrollo rural', 'Educación y competitividad', 'Infraestructura comunitaria', 'Fortalecimiento comunitario']",2026,1,Supia,Alto San Francisco,2,Grupo A,Fortalecimiento comunitario
social,Las personas queman y botan las basuras en la carretera o en sus casas,5,0.672,"['Agua y territorio', 'Desarrollo rural', 'Educación y competitividad', 'Infraestructura comunitaria', 'Fortalecimiento comunitario']",2026,1,Supia,Alto San Francisco,2,Grupo F,"Agua y territorio, Fortalecimiento comunitario"
social,"En la vereda contamos con servicio de agua, energía y aseo",4,0.927,"['Agua y territorio', 'Desarrollo rural', 'Educación y competitividad', 'Infraestructura comunitaria', 'Fortalecimiento comunitario']",2026,1,Supia,Bajo San Francisco,3,Grupo E,Agua y territorio
social,El internet es con datos moviles,5,0.493,"['Agua y territorio', 'Desarrollo rural', 'Educación y competitividad', 'Infraestructura comunitaria', 'Fortalecimiento comunitario']",2026,1,Supia,Bajo San Francisco,3,Grupo F,Educación y competitividad
social,No tenemos parques y los niños juegan en la institucion educativa y en las casas,2,0.768,"['Agua y territorio', 'Desarrollo rural', 'Educación y competitividad', 'Infraestructura comunitaria', 'Fortalecimiento comunitario']",2026,1,Supia,Bajo San Francisco,3,Grupo C,Infraestructura comunitaria
social,"Tenemos institucion educativa, caseta comunal",0,0.838,"['Agua y territorio', 'Desarrollo rural', 'Educación y competitividad', 'Infraestructura comunitaria', 'Fortalecimiento comunitario']",2026,1,Supia,Bajo San Francisco,3,Grupo A,"Fortalecimiento comunitario, Educación y competitividad"
social,Algunas casa tienen pozos septicos,1,0.89,"['Agua y territorio', 'Desarrollo rural', 'Educación y competitividad', 'Infraestructura comunitaria', 'Fortalecimiento comunitario']",2026,1,Supia,Bajo San Francisco,3,Grupo B,Agua y territorio
social,Las expresiones religiosas que hay son catolicos y adventistas,3,0.942,"['Agua y territorio', 'Desarrollo rural', 'Educación y competitividad', 'Infraestructura comunitaria', 'Fortalecimiento comunitario']",2026,1,Supia,Bajo San Francisco,3,Grupo D,Fortalecimiento comunitario
social,Algunas viviendas tienen acueducto y el resto agua de nacimiento,1,0.815,"['Agua y territorio', 'Desarrollo rural', 'Educación y competitividad', 'Infraestructura comunitaria', 'Fortalecimiento comunitario']",2026,1,Supia,Bajo San Francisco,3,Grupo B,Agua y territorio
social,La via de supia al candado esta en regular estado y del candado hacia la vereda esta en malas condiciones,5,0.804,"['Agua y territorio', 'Desarrollo rural', 'Educación y competitividad', 'Infraestructura comunitaria', 'Fortalecimiento comunitario']",2026,1,Supia,Bajo San Francisco,3,Grupo F,Infraestructura comunitaria
social,"En la vereda hay aproximadamente 500 personas, 150 casas, 76 niños y mas hombres que mujeres",0,0.753,"['Agua y territorio', 'Desarrollo rural', 'Educación y competitividad', 'Infraestructura comunitaria', 'Fortalecimiento comunitario']",2026,1,Supia,Bajo San Francisco,3,Grupo A,Fortalecimiento comunitario
social,"No contamos con puesto de salud, las personas van al hospital san lorenzo, hacen brigadas de salud 1 vez al año",2,0.672,"['Agua y territorio', 'Desarrollo rural', 'Educación y competitividad', 'Infraestructura comunitaria', 'Fortalecimiento comunitario']",2026,1,Supia,Bajo San Francisco,3,Grupo C,Fortalecimiento comunitario
social,Tenemos sitios con problemas de consumo de droga y contaminacion por basuras,5,0.77,"['Agua y territorio', 'Desarrollo rural', 'Educación y competitividad', 'Infraestructura comunitaria', 'Fortalecimiento comunitario']",2026,1,Supia,Bajo San Francisco,3,Grupo F,Fortalecimiento comunitario
social,En nuestra vereda hay conexión a internet por datos moviles,5,0.71,"['Agua y territorio', 'Desarrollo rural', 'Educación y competitividad', 'Infraestructura comunitaria', 'Fortalecimiento comunitario']",2026,1,Supia,La Amalia,2,Grupo F,Agua y territorio
social,Contamos con acueducto comunal,4,0.811,"['Agua y territorio', 'Desarrollo rural', 'Educación y competitividad', 'Infraestructura comunitaria', 'Fortalecimiento comunitario']",2026,1,Supia,La Amalia,2,Grupo E,Agua y territorio
social,"La mayoria de las casas cuenta con energía, faltan 5 que no la tienen",1,0.773,"['Agua y territorio', 'Desarrollo rural', 'Educación y competitividad', 'Infraestructura comunitaria', 'Fortalecimiento comunitario']",2026,1,Supia,La Amalia,2,Grupo B,Agua y territorio
social,Las expresiones relgiosas son adventistas que cuenta con capilla y catolica que la capilla se la llevó la avalancha,3,0.847,"['Agua y territorio', 'Desarrollo rural', 'Educación y competitividad', 'Infraestructura comunitaria', 'Fortalecimiento comunitario']",2026,1,Supia,La Amalia,2,Grupo D,Fortalecimiento comunitario
social,"La mayoria de la vereda tiene pozos septicos, faltan 23 casas",1,0.845,"['Agua y territorio', 'Desarrollo rural', 'Educación y competitividad', 'Infraestructura comunitaria', 'Fortalecimiento comunitario']",2026,1,Supia,La Amalia,2,Grupo B,Agua y territorio
social,"En la vereda hay  85 familias con aproximadamente 344 personas, 28 niños, 22 niñas, discapacitados 12, de la tercera edad 19, hay mas mujeres que hombres",0,0.73,"['Agua y territorio', 'Desarrollo rural', 'Educación y competitividad', 'Infraestructura comunitaria', 'Fortalecimiento comunitario']",2026,1,Supia,La Amalia,2,Grupo A,Fortalecimiento comunitario
social,Tenemos caseta comunal en pesimo estado,0,0.765,"['Agua y territorio', 'Desarrollo rural', 'Educación y competitividad', 'Infraestructura comunitaria', 'Fortalecimiento comunitario']",2026,1,Supia,La Amalia,2,Grupo A,Infraestructura comunitaria
social,Tenemos 2 canchas en abandono por la avalancha,5,0.661,"['Agua y territorio', 'Desarrollo rural', 'Educación y competitividad', 'Infraestructura comunitaria', 'Fortalecimiento comunitario']",2026,1,Supia,La Amalia,2,Grupo F,Infraestructura comunitaria
social,No tenemos parque infantil,2,0.809,"['Agua y territorio', 'Desarrollo rural', 'Educación y competitividad', 'Infraestructura comunitaria', 'Fortalecimiento comunitario']",2026,1,Supia,La Amalia,2,Grupo C,Infraestructura comunitaria
social,Las vias estan en pesimo estado,5,0.813,"['Agua y territorio', 'Desarrollo rural', 'Educación y competitividad', 'Infraestructura comunitaria', 'Fortalecimiento comunitario']",2026,1,Supia,La Amalia,2,Grupo F,Infraestructura comunitaria
social,No tenemos puesto de salud y el hospital hace jornadas de salud cada 2 años,2,0.718,"['Agua y territorio', 'Desarrollo rural', 'Educación y competitividad', 'Infraestructura comunitaria', 'Fortalecimiento comunitario']",2026,1,Supia,La Amalia,2,Grupo C,Infraestructura comunitaria
social,Tenemos sitios identificados con problematica de contaminacion por basuras,5,0.77,"['Agua y territorio', 'Desarrollo rural', 'Educación y competitividad', 'Infraestructura comunitaria', 'Fortalecimiento comunitario']",2026,1,Supia,La Amalia,2,Grupo F,Agua y territorio
social,La mayoria de los hogares posee pozo septico,1,0.819,"['Agua y territorio', 'Desarrollo rural', 'Educación y competitividad', 'Infraestructura comunitaria', 'Fortalecimiento comunitario']",2026,1,Supia,La Bodega,1,Grupo B,Agua y territorio
social,"No contamos con servicio de internet publico, el servicio se tiene con datos moviles",2,0.619,"['Agua y territorio', 'Desarrollo rural', 'Educación y competitividad', 'Infraestructura comunitaria', 'Fortalecimiento comunitario']",2026,1,Supia,La Bodega,1,Grupo C,Agua y territorio
social,No tenemos punto vive digital,2,0.696,"['Agua y territorio', 'Desarrollo rural', 'Educación y competitividad', 'Infraestructura comunitaria', 'Fortalecimiento comunitario']",2026,1,Supia,La Bodega,1,Grupo C,Agua y territorio
social,Tenemos caseta comunal en buen estado,0,0.728,"['Agua y territorio', 'Desarrollo rural', 'Educación y competitividad', 'Infraestructura comunitaria', 'Fortalecimiento comunitario']",2026,1,Supia,La Bodega,1,Grupo A,Infraestructura comunitaria
social,"Las expresiones religiosas presentes en la comunidad son la catolica, evangelicos y pentecostal",3,0.903,"['Agua y territorio', 'Desarrollo rural', 'Educación y competitividad', 'Infraestructura comunitaria', 'Fortalecimiento comunitario']",2026,1,Supia,La Bodega,1,Grupo D,Fortalecimiento comunitario
social,En la vereda hay aproximadamente 60 casas y 240 habitantes,1,0.614,"['Agua y territorio', 'Desarrollo rural', 'Educación y competitividad', 'Infraestructura comunitaria', 'Fortalecimiento comunitario']",2026,1,Supia,La Bodega,1,Grupo B,Fortalecimiento comunitario
social,Hay mas hombres que mujeres,0,0.551,"['Agua y territorio', 'Desarrollo rural', 'Educación y competitividad', 'Infraestructura comunitaria', 'Fortalecimiento comunitario']",2026,1,Supia,La Bodega,1,Grupo A,Fortalecimiento comunitario
social,Hay mas adultos mayores,0,0.57,"['Agua y territorio', 'Desarrollo rural', 'Educación y competitividad', 'Infraestructura comunitaria', 'Fortalecimiento comunitario']",2026,1,Supia,La Bodega,1,Grupo A,Fortalecimiento comunitario
social,Hay igual cantidad de niños y niñas,0,0.665,"['Agua y territorio', 'Desarrollo rural', 'Educación y competitividad', 'Infraestructura comunitaria', 'Fortalecimiento comunitario']",2026,1,Supia,La Bodega,1,Grupo A,Agua y territorio
social,No tenemos cancha ni parque y esto ocasiona problemas de union y participacion entre la comunidad y trabajo en equipo,2,0.747,"['Agua y territorio', 'Desarrollo rural', 'Educación y competitividad', 'Infraestructura comunitaria', 'Fortalecimiento comunitario']",2026,1,Supia,La Bodega,1,Grupo C,Fortalecimiento comunitario
social,"No tenemos expresiones culturales, ni arte, ni deporte, ni recreacion",2,0.667,"['Agua y territorio', 'Desarrollo rural', 'Educación y competitividad', 'Infraestructura comunitaria', 'Fortalecimiento comunitario']",2026,1,Supia,La Bodega,1,Grupo C,Fortalecimiento comunitario
social,"No contamos con acueducto, nos beneficiamos del acueducto de la vereda hojas anchas",2,0.612,"['Agua y territorio', 'Desarrollo rural', 'Educación y competitividad', 'Infraestructura comunitaria', 'Fortalecimiento comunitario']",2026,1,Supia,La Bodega,1,Grupo C,Agua y territorio
social,Las vias en general estan en mal estado dificultando la conexion,5,0.767,"['Agua y territorio', 'Desarrollo rural', 'Educación y competitividad', 'Infraestructura comunitaria', 'Fortalecimiento comunitario']",2026,1,Supia,La Bodega,1,Grupo F,Infraestructura comunitaria
social,Hay puntos identificados con problemas de contaminacion por basura,5,0.776,"['Agua y territorio', 'Desarrollo rural', 'Educación y competitividad', 'Infraestructura comunitaria', 'Fortalecimiento comunitario']",2026,1,Supia,La Bodega,1,Grupo F,Agua y territorio
social,No tenemos sitios considerados inseguros,2,0.657,"['Agua y territorio', 'Desarrollo rural', 'Educación y competitividad', 'Infraestructura comunitaria', 'Fortalecimiento comunitario']",2026,1,Supia,La Bodega,1,Grupo C,Fortalecimiento comunitario
social,Tenemos institucion educativa con una disminucion considerable de estudiantes,0,0.479,"['Agua y territorio', 'Desarrollo rural', 'Educación y competitividad', 'Infraestructura comunitaria', 'Fortalecimiento comunitario']",2026,1,Supia,La Bodega,1,Grupo A,Educación y competitividad
social,Contamos con caseta comunal en buen estado y la comunidad se reune alli,0,0.766,"['Agua y territorio', 'Desarrollo rural', 'Educación y competitividad', 'Infraestructura comunitaria', 'Fortalecimiento comunitario']",2026,1,Supia,La Quinta,4,Grupo A,"Infraestructura comunitaria, Fortalecimiento comunitario"
social,Hay puesto de salud inhabilitado por mal estado,2,0.578,"['Agua y territorio', 'Desarrollo rural', 'Educación y competitividad', 'Infraestructura comunitaria', 'Fortalecimiento comunitario']",2026,1,Supia,La Quinta,4,Grupo C,Infraestructura comunitaria
social,Contamos con acueducto comunitario compartido entre la vereda la Quinta y la Amalia,0,0.685,"['Agua y territorio', 'Desarrollo rural', 'Educación y competitividad', 'Infraestructura comunitaria', 'Fortalecimiento comunitario']",2026,1,Supia,La Quinta,4,Grupo A,Agua y territorio
social,Las expresiones religiosas presentes en la vereda se dividen 90% catolicos y 10% adventista,3,0.881,"['Agua y territorio', 'Desarrollo rural', 'Educación y competitividad', 'Infraestructura comunitaria', 'Fortalecimiento comunitario']",2026,1,Supia,La Quinta,4,Grupo D,Fortalecimiento comunitario
social,Tenemos capilla,0,0.683,"['Agua y territorio', 'Desarrollo rural', 'Educación y competitividad', 'Infraestructura comunitaria', 'Fortalecimiento comunitario']",2026,1,Supia,La Quinta,4,Grupo A,Fortalecimiento comunitario
social,"En la vereda hay 152 casas con aproximadamente 304 personas, 65 niños y mas hombres que mujeres",0,0.737,"['Agua y territorio', 'Desarrollo rural', 'Educación y competitividad', 'Infraestructura comunitaria', 'Fortalecimiento comunitario']",2026,1,Supia,La Quinta,4,Grupo A,Desarrollo rural
social,"Contamos con institucion educativa con primaria y secundaria, van niños a estudiar de otras veredas",0,0.682,"['Agua y territorio', 'Desarrollo rural', 'Educación y competitividad', 'Infraestructura comunitaria', 'Fortalecimiento comunitario']",2026,1,Supia,La Quinta,4,Grupo A,Educación y competitividad
social,"Tenemos cancha de futbol en buen estado, de microfutbol en mal estado y parque infantil en mal estado",5,0.64,"['Agua y territorio', 'Desarrollo rural', 'Educación y competitividad', 'Infraestructura comunitaria', 'Fortalecimiento comunitario']",2026,1,Supia,La Quinta,4,Grupo F,Infraestructura comunitaria
social,Las vias estan en estado regular,5,0.557,"['Agua y territorio', 'Desarrollo rural', 'Educación y competitividad', 'Infraestructura comunitaria', 'Fortalecimiento comunitario']",2026,1,Supia,La Quinta,4,Grupo F,Infraestructura comunitaria
social,"Contamos con servicio publico de agua, energia y aseo",4,0.964,"['Agua y territorio', 'Desarrollo rural', 'Educación y competitividad', 'Infraestructura comunitaria', 'Fortalecimiento comunitario']",2026,1,Supia,La Quinta,4,Grupo E,Agua y territorio
social,Algunas casas cuentan con pozo septico,1,0.898,"['Agua y territorio', 'Desarrollo rural', 'Educación y competitividad', 'Infraestructura comunitaria', 'Fortalecimiento comunitario']",2026,1,Supia,La Quinta,4,Grupo B,Agua y territorio
social,La conexion a internet es por medio de datos moviles,5,0.547,"['Agua y territorio', 'Desarrollo rural', 'Educación y competitividad', 'Infraestructura comunitaria', 'Fortalecimiento comunitario']",2026,1,Supia,La Quinta,4,Grupo F,Desarrollo rural
ambiental,"Contamos con dos nacimiento en la vereda rincon santo, este ha disminuido su caudal se temporada de invierno o verano",1,0.703,"['Agua y territorio', 'Desarrollo rural', 'Educación y competitividad', 'Infraestructura comunitaria', 'Fortalecimiento comunitario']",2026,1,Marmato,Guayabales,3,Grupo B,"Agua y territorio, Desarrollo rural"
ambiental,"En Guacamayales, los nacimientos se encuentran en buen estado",1,0.491,"['Agua y territorio', 'Desarrollo rural', 'Educación y competitividad', 'Infraestructura comunitaria', 'Fortalecimiento comunitario']",2026,1,Marmato,Guayabales,3,Grupo B,Agua y territorio
ambiental,En invierno se presentan deslizamientos,1,0.596,"['Agua y territorio', 'Desarrollo rural', 'Educación y competitividad', 'Infraestructura comunitaria', 'Fortalecimiento comunitario']",2026,1,Marmato,Guayabales,3,Grupo B,Agua y territorio
ambiental,Cuando se presentan desastres naturales le avisamos a Collective para que nos ayude,0,0.915,"['Agua y territorio', 'Desarrollo rural', 'Educación y competitividad', 'Infraestructura comunitaria', 'Fortalecimiento comunitario']",2026,1,Marmato,Guayabales,3,Grupo A,Fortalecimiento comunitario
ambiental,No se presentan riesgo de deslizamientos ni incendios,1,0.577,"['Agua y territorio', 'Desarrollo rural', 'Educación y competitividad', 'Infraestructura comunitaria', 'Fortalecimiento comunitario']",2026,1,Marmato,Buenavista,1,Grupo B,Agua y territorio
ambiental,"Existe el nacimiento de los hermanos dias para su propio beneficio, esta en buen estado",1,0.369,"['Agua y territorio', 'Desarrollo rural', 'Educación y competitividad', 'Infraestructura comunitaria', 'Fortalecimiento comunitario']",2026,1,Marmato,Buenavista,1,Grupo B,Agua y territorio
ambiental,Tenemos el nacimiento la florida que esta en buen estado y se benefica toda la comunidad,1,0.529,"['Agua y territorio', 'Desarrollo rural', 'Educación y competitividad', 'Infraestructura comunitaria', 'Fortalecimiento comunitario']",2026,1,Marmato,Guadualejo,2,Grupo B,Agua y territorio
ambiental,Se presentan deslizamientos en el sector de los molinos por temporada de lluvias,1,0.716,"['Agua y territorio', 'Desarrollo rural', 'Educación y competitividad', 'Infraestructura comunitaria', 'Fortalecimiento comunitario']",2026,1,Marmato,Guadualejo,2,Grupo B,Agua y territorio
ambiental,Los nacimientos y quebradas de la vereda estan en buen estado,1,0.626,"['Agua y territorio', 'Desarrollo rural', 'Educación y competitividad', 'Infraestructura comunitaria', 'Fortalecimiento comunitario']",2026,1,Supia,Alto San Francisco,2,Grupo B,Agua y territorio
ambiental,Se hace reforestacion cerca a los nacimientos,1,0.652,"['Agua y territorio', 'Desarrollo rural', 'Educación y competitividad', 'Infraestructura comunitaria', 'Fortalecimiento comunitario']",2026,1,Supia,Alto San Francisco,2,Grupo B,"Agua y territorio, Desarrollo rural"
ambiental,"En la vereda nos organizamos para botar derrumbes, limpiar y organizar zanjas de la via",1,0.594,"['Agua y territorio', 'Desarrollo rural', 'Educación y competitividad', 'Infraestructura comunitaria', 'Fortalecimiento comunitario']",2026,1,Supia,Alto San Francisco,2,Grupo B,Fortalecimiento comunitario
ambiental,Se presentan deslizamientos en 2 sectores cerca a las carreteras,1,0.716,"['Agua y territorio', 'Desarrollo rural', 'Educación y competitividad', 'Infraestructura comunitaria', 'Fortalecimiento comunitario']",2026,1,Supia,Alto San Francisco,2,Grupo B,Agua y territorio
ambiental,Contamos con dos areas de reservas,1,0.628,"['Agua y territorio', 'Desarrollo rural', 'Educación y competitividad', 'Infraestructura comunitaria', 'Fortalecimiento comunitario']",2026,1,Supia,Alto San Francisco,2,Grupo B,Agua y territorio
ambiental,En la via se presentan deslizamientos y quemas,1,0.713,"['Agua y territorio', 'Desarrollo rural', 'Educación y competitividad', 'Infraestructura comunitaria', 'Fortalecimiento comunitario']",2026,1,Supia,Bajo San Francisco,3,Grupo B,Agua y territorio
ambiental,La quebrada rapao se encuentra contaminada por basuras y aguas negras,1,0.6,"['Agua y territorio', 'Desarrollo rural', 'Educación y competitividad', 'Infraestructura comunitaria', 'Fortalecimiento comunitario']",2026,1,Supia,Bajo San Francisco,3,Grupo B,Agua y territorio
ambiental,Las comunidad se reune cuando hay desastres naturales para ayudar,0,0.949,"['Agua y territorio', 'Desarrollo rural', 'Educación y competitividad', 'Infraestructura comunitaria', 'Fortalecimiento comunitario']",2026,1,Supia,Bajo San Francisco,3,Grupo A,Fortalecimiento comunitario
ambiental,Tenemos 48 nacimientos con aguas muy limpias y protegidos por plantas,1,0.53,"['Agua y territorio', 'Desarrollo rural', 'Educación y competitividad', 'Infraestructura comunitaria', 'Fortalecimiento comunitario']",2026,1,Supia,La Amalia,2,Grupo B,"Agua y territorio, Desarrollo rural"
ambiental,Tenemos 3 areas  protegidas una es la cascada en la finca la esperanza,1,0.715,"['Agua y territorio', 'Desarrollo rural', 'Educación y competitividad', 'Infraestructura comunitaria', 'Fortalecimiento comunitario']",2026,1,Supia,La Amalia,2,Grupo B,Agua y territorio
ambiental,"Las reservas estan en la parte alta y estan contaminadas por ganado, y fumigaciones",1,0.683,"['Agua y territorio', 'Desarrollo rural', 'Educación y competitividad', 'Infraestructura comunitaria', 'Fortalecimiento comunitario']",2026,1,Supia,La Amalia,2,Grupo B,"Agua y territorio, Desarrollo rural"
ambiental,"Hay sitios identificados con deslizamientos, sequia y contaminacion",1,0.831,"['Agua y territorio', 'Desarrollo rural', 'Educación y competitividad', 'Infraestructura comunitaria', 'Fortalecimiento comunitario']",2026,1,Supia,La Amalia,2,Grupo B,Agua y territorio
ambiental,"Hay 28 familias afectadas por deslizamientos de las quebradas san polo, la amalia y cascajero",1,0.524,"['Agua y territorio', 'Desarrollo rural', 'Educación y competitividad', 'Infraestructura comunitaria', 'Fortalecimiento comunitario']",2026,1,Supia,La Amalia,2,Grupo B,Agua y territorio
ambiental,Cuando ocurren desastres naturales la comunidad se une para ayudar en convites,0,0.951,"['Agua y territorio', 'Desarrollo rural', 'Educación y competitividad', 'Infraestructura comunitaria', 'Fortalecimiento comunitario']",2026,1,Supia,La Amalia,2,Grupo A,Fortalecimiento comunitario
ambiental,No contamos con sectores identificados de reservas o areas protegidas aun cuando tenemos una gran vegetacion y zonas verdes,1,0.483,"['Agua y territorio', 'Desarrollo rural', 'Educación y competitividad', 'Infraestructura comunitaria', 'Fortalecimiento comunitario']",2026,1,Supia,La Bodega,1,Grupo B,"Agua y territorio, Infraestructura comunitaria"
ambiental,Las cascadas presentes poseen deficit de corriente debido a los cambio climaticos ya que se han caido arboles que obstruyen el paso del agua y se ponen turbias,1,0.655,"['Agua y territorio', 'Desarrollo rural', 'Educación y competitividad', 'Infraestructura comunitaria', 'Fortalecimiento comunitario']",2026,1,Supia,La Bodega,1,Grupo B,Agua y territorio
ambiental,Existe quema constante de residuos y mal reciclaje por la falta de acceso a puntos especificos de recoleccion y falta de coordinacion del carro recolector de basura,1,0.515,"['Agua y territorio', 'Desarrollo rural', 'Educación y competitividad', 'Infraestructura comunitaria', 'Fortalecimiento comunitario']",2026,1,Supia,La Bodega,1,Grupo B,Infraestructura comunitaria
ambiental,Se presentan deslizamientos en epoca de lluvias,1,0.751,"['Agua y territorio', 'Desarrollo rural', 'Educación y competitividad', 'Infraestructura comunitaria', 'Fortalecimiento comunitario']",2026,1,Supia,La Bodega,1,Grupo B,Agua y territorio
ambiental,Cuando ocurren desastres naturales se pide ayuda a la Alcaldia o Collective porque a la gente no le gusta trabajar en equipo,0,0.854,"['Agua y territorio', 'Desarrollo rural', 'Educación y competitividad', 'Infraestructura comunitaria', 'Fortalecimiento comunitario']",2026,1,Supia,La Bodega,1,Grupo A,Fortalecimiento comunitario
ambiental,Cerca al sector tamboral hay una reserva,1,0.528,"['Agua y territorio', 'Desarrollo rural', 'Educación y competitividad', 'Infraestructura comunitaria', 'Fortalecimiento comunitario']",2026,1,Supia,La Quinta,4,Grupo B,Agua y territorio
ambiental,Identificamos varios puntos con deslizamientos y uno de contaminacion ambiental,1,0.796,"['Agua y territorio', 'Desarrollo rural', 'Educación y competitividad', 'Infraestructura comunitaria', 'Fortalecimiento comunitario']",2026,1,Supia,La Quinta,4,Grupo B,Agua y territorio
ambiental,Cuando se presentan desastres naturales eventualmente la comunidad se une para ayudar,0,0.967,"['Agua y territorio', 'Desarrollo rural', 'Educación y competitividad', 'Infraestructura comunitaria', 'Fortalecimiento comunitario']",2026,1,Supia,La Quinta,4,Grupo A,Fortalecimiento comunitario
gobernanza,La participacion de la comunidad es baja,1,0.97,"['Agua y territorio', 'Desarrollo rural', 'Educación y competitividad', 'Infraestructura comunitaria', 'Fortalecimiento comunitario']",2026,1,Marmato,Guayabales,3,Grupo B,Fortalecimiento comunitario
gobernanza,"No llegan cooperativas, el estado no hace presencia, solo bienestar familiar con el programa de cero a siempre en la escuela de la vereda la portada",5,0.848,"['Agua y territorio', 'Desarrollo rural', 'Educación y competitividad', 'Infraestructura comunitaria', 'Fortalecimiento comunitario']",2026,1,Marmato,Guayabales,3,Grupo F,Fortalecimiento comunitario
gobernanza,Las alcaldias solo llegan en epoca de elecciones y en navidad,4,0.842,"['Agua y territorio', 'Desarrollo rural', 'Educación y competitividad', 'Infraestructura comunitaria', 'Fortalecimiento comunitario']",2026,1,Marmato,Guayabales,3,Grupo E,Fortalecimiento comunitario
gobernanza,La participacion de la comunidad es baja,1,0.97,"['Agua y territorio', 'Desarrollo rural', 'Educación y competitividad', 'Infraestructura comunitaria', 'Fortalecimiento comunitario']",2026,1,Marmato,Buenavista,1,Grupo B,
gobernanza,"La participacion de la comunidad en general es baja, generalmente participan en sancochadas",1,0.941,"['Agua y territorio', 'Desarrollo rural', 'Educación y competitividad', 'Infraestructura comunitaria', 'Fortalecimiento comunitario']",2026,1,Marmato,Guadualejo,2,Grupo B,Fortalecimiento comunitario
gobernanza,La alcaldia solo hace presencia en fechas de elecciones y navidad,4,0.836,"['Agua y territorio', 'Desarrollo rural', 'Educación y competitividad', 'Infraestructura comunitaria', 'Fortalecimiento comunitario']",2026,1,Marmato,Guadualejo,2,Grupo E,Fortalecimiento comunitario
gobernanza,No hay presencia de cooperativas,5,0.838,"['Agua y territorio', 'Desarrollo rural', 'Educación y competitividad', 'Infraestructura comunitaria', 'Fortalecimiento comunitario']",2026,1,Marmato,Guadualejo,2,Grupo F,Fortalecimiento comunitario
gobernanza,Bienestar familiar hace presencia en la escuela con el programa de cero a siempre,2,0.907,"['Agua y territorio', 'Desarrollo rural', 'Educación y competitividad', 'Infraestructura comunitaria', 'Fortalecimiento comunitario']",2026,1,Marmato,Guadualejo,2,Grupo C,"Fortalecimiento comunitario, Educación y competitividad"
gobernanza,El nivel de participacion de la comunidad es medio,1,0.877,"['Agua y territorio', 'Desarrollo rural', 'Educación y competitividad', 'Infraestructura comunitaria', 'Fortalecimiento comunitario']",2026,1,Supia,Alto San Francisco,2,Grupo B,Fortalecimiento comunitario
gobernanza,"Las actividades donde mas participan es cuando hay convites, misas, y fiestas",4,0.722,"['Agua y territorio', 'Desarrollo rural', 'Educación y competitividad', 'Infraestructura comunitaria', 'Fortalecimiento comunitario']",2026,1,Supia,Alto San Francisco,2,Grupo E,Fortalecimiento comunitario
gobernanza,En la vereda hacen presencia la fundacion sembradores de vida y la cooperativa de café,0,0.935,"['Agua y territorio', 'Desarrollo rural', 'Educación y competitividad', 'Infraestructura comunitaria', 'Fortalecimiento comunitario']",2026,1,Supia,Alto San Francisco,2,Grupo A,"Fortalecimiento comunitario, Desarrollo rural"
gobernanza,El alcalde hace presencia en la vereda con proyectos de placa huellas,3,0.548,"['Agua y territorio', 'Desarrollo rural', 'Educación y competitividad', 'Infraestructura comunitaria', 'Fortalecimiento comunitario']",2026,1,Supia,Alto San Francisco,2,Grupo D,Infraestructura comunitaria
gobernanza,Los integrantes de la gobernacion no van a la vereda,5,0.839,"['Agua y territorio', 'Desarrollo rural', 'Educación y competitividad', 'Infraestructura comunitaria', 'Fortalecimiento comunitario']",2026,1,Supia,Alto San Francisco,2,Grupo F,Fortalecimiento comunitario
gobernanza,"Contamos con JAC y con junta de acueducto, estan activas",3,0.808,"['Agua y territorio', 'Desarrollo rural', 'Educación y competitividad', 'Infraestructura comunitaria', 'Fortalecimiento comunitario']",2026,1,Supia,Bajo San Francisco,3,Grupo D,"Agua y territorio, Fortalecimiento comunitario"
gobernanza,Hace presencia la alcaldia,4,0.718,"['Agua y territorio', 'Desarrollo rural', 'Educación y competitividad', 'Infraestructura comunitaria', 'Fortalecimiento comunitario']",2026,1,Supia,Bajo San Francisco,3,Grupo E,Fortalecimiento comunitario
gobernanza,Hace presencia bienestar familiar con el programa de cero a siempre,2,0.937,"['Agua y territorio', 'Desarrollo rural', 'Educación y competitividad', 'Infraestructura comunitaria', 'Fortalecimiento comunitario']",2026,1,Supia,Bajo San Francisco,3,Grupo C,"Fortalecimiento comunitario, Educación y competitividad"
gobernanza,La participacion de la comunidad es en la fiestas y en epoca navideña,4,0.778,"['Agua y territorio', 'Desarrollo rural', 'Educación y competitividad', 'Infraestructura comunitaria', 'Fortalecimiento comunitario']",2026,1,Supia,Bajo San Francisco,3,Grupo E,Fortalecimiento comunitario
gobernanza,Tenemos JAC activa con buenos lideres,3,0.765,"['Agua y territorio', 'Desarrollo rural', 'Educación y competitividad', 'Infraestructura comunitaria', 'Fortalecimiento comunitario']",2026,1,Supia,La Amalia,2,Grupo D,"Agua y territorio, Fortalecimiento comunitario"
gobernanza,"La participacion en la comunidad es baja, solo participan cuando hay reuniones de proyectos que los beneficien",1,0.906,"['Agua y territorio', 'Desarrollo rural', 'Educación y competitividad', 'Infraestructura comunitaria', 'Fortalecimiento comunitario']",2026,1,Supia,La Amalia,2,Grupo B,Fortalecimiento comunitario
gobernanza,Bienestar familiar hace presencia con el programa cero a siempre,2,0.955,"['Agua y territorio', 'Desarrollo rural', 'Educación y competitividad', 'Infraestructura comunitaria', 'Fortalecimiento comunitario']",2026,1,Supia,La Bodega,1,Grupo C,"Fortalecimiento comunitario, Educación y competitividad"
gobernanza,El nivel de participacion es bajo,1,0.909,"['Agua y territorio', 'Desarrollo rural', 'Educación y competitividad', 'Infraestructura comunitaria', 'Fortalecimiento comunitario']",2026,1,Supia,La Bodega,1,Grupo B,Fortalecimiento comunitario
gobernanza,Las personas solo participan cuando se benefician,4,0.671,"['Agua y territorio', 'Desarrollo rural', 'Educación y competitividad', 'Infraestructura comunitaria', 'Fortalecimiento comunitario']",2026,1,Supia,La Bodega,1,Grupo E,Fortalecimiento comunitario
gobernanza,La gobernacion de caldas nos acompaña en el sector ambiental,3,0.689,"['Agua y territorio', 'Desarrollo rural', 'Educación y competitividad', 'Infraestructura comunitaria', 'Fortalecimiento comunitario']",2026,1,Supia,La Bodega,1,Grupo D,"Agua y territorio, Desarrollo rural"
gobernanza,La Alcaldia apenas se esta haciendo presencia,4,0.58,"['Agua y territorio', 'Desarrollo rural', 'Educación y competitividad', 'Infraestructura comunitaria', 'Fortalecimiento comunitario']",2026,1,Supia,La Bodega,1,Grupo E,Infraestructura comunitaria
gobernanza,Se tiene JAC,3,0.664,"['Agua y territorio', 'Desarrollo rural', 'Educación y competitividad', 'Infraestructura comunitaria', 'Fortalecimiento comunitario']",2026,1,Supia,La Quinta,4,Grupo D,Fortalecimiento comunitario
gobernanza,Se tiene junta administradora de acueducto rural JAAR,3,0.705,"['Agua y territorio', 'Desarrollo rural', 'Educación y competitividad', 'Infraestructura comunitaria', 'Fortalecimiento comunitario']",2026,1,Supia,La Quinta,4,Grupo D,Agua y territorio
gobernanza,Bienestar familiar hace presencia con programa familiar,2,0.902,"['Agua y territorio', 'Desarrollo rural', 'Educación y competitividad', 'Infraestructura comunitaria', 'Fortalecimiento comunitario']",2026,1,Supia,La Quinta,4,Grupo C,Fortalecimiento comunitario
gobernanza,La gobernacion de caldas con el mejoramiento de vías,3,0.693,"['Agua y territorio', 'Desarrollo rural', 'Educación y competitividad', 'Infraestructura comunitaria', 'Fortalecimiento comunitario']",2026,1,Supia,La Quinta,4,Grupo D,Infraestructura comunitaria
gobernanza,Comité de cafeteros con asesoramiento de cultivos de café y placa huellas,0,0.945,"['Agua y territorio', 'Desarrollo rural', 'Educación y competitividad', 'Infraestructura comunitaria', 'Fortalecimiento comunitario']",2026,1,Supia,La Quinta,4,Grupo A,Desarrollo rural
gobernanza,SENA con capacitacion para adultos y jovenes,3,0.559,"['Agua y territorio', 'Desarrollo rural', 'Educación y competitividad', 'Infraestructura comunitaria', 'Fortalecimiento comunitario']",2026,1,Supia,La Quinta,4,Grupo D,Educación y competitividad
gobernanza,"La participacion de la comunidad para reuniones es baja, solo participan en festivales y misas",1,0.838,"['Agua y territorio', 'Desarrollo rural', 'Educación y competitividad', 'Infraestructura comunitaria', 'Fortalecimiento comunitario']",2026,1,Supia,La Quinta,4,Grupo B,Fortalecimiento comunitario
alianzas,Collective con fortalecimiento de juntas de accion comunal y  fortalecimiento a juntas de acueducto,1,0.872,"['Agua y territorio', 'Desarrollo rural', 'Educación y competitividad', 'Infraestructura comunitaria', 'Fortalecimiento comunitario']",2026,1,Marmato,Guayabales,3,Grupo B,"Agua y territorio, Fortalecimiento comunitario"
alianzas,La universidad de manizales y la gobernacion de caldas realizaron placa huellas,0,0.719,"['Agua y territorio', 'Desarrollo rural', 'Educación y competitividad', 'Infraestructura comunitaria', 'Fortalecimiento comunitario']",2026,1,Marmato,Guayabales,3,Grupo A,Infraestructura comunitaria
alianzas,"Con el SENA se realizaron tecnico en placa huellas, procesamiento de frutas y hortalizas",0,0.654,"['Agua y territorio', 'Desarrollo rural', 'Educación y competitividad', 'Infraestructura comunitaria', 'Fortalecimiento comunitario']",2026,1,Marmato,Guayabales,3,Grupo A,Desarrollo rural
alianzas,Comité de cafeteros y Collective hicieron pozos septicos,0,0.823,"['Agua y territorio', 'Desarrollo rural', 'Educación y competitividad', 'Infraestructura comunitaria', 'Fortalecimiento comunitario']",2026,1,Marmato,Guayabales,3,Grupo A,"Agua y territorio, Fortalecimiento comunitario"
alianzas,Con Collective proyecto voceras del agua,1,0.765,"['Agua y territorio', 'Desarrollo rural', 'Educación y competitividad', 'Infraestructura comunitaria', 'Fortalecimiento comunitario']",2026,1,Marmato,Buenavista,1,Grupo B,Agua y territorio
alianzas,El SENA con  curso de manipulacion y transformacion de alimentos,0,0.668,"['Agua y territorio', 'Desarrollo rural', 'Educación y competitividad', 'Infraestructura comunitaria', 'Fortalecimiento comunitario']",2026,1,Marmato,Buenavista,1,Grupo A,Desarrollo rural
alianzas,Con el comité de cafeteros adecuacion de redes de acueducto y tanque de sedimentacion,0,0.737,"['Agua y territorio', 'Desarrollo rural', 'Educación y competitividad', 'Infraestructura comunitaria', 'Fortalecimiento comunitario']",2026,1,Marmato,Buenavista,1,Grupo A,Agua y territorio
alianzas,"Se tiene alianza con Collective con fortalecimiento JAC, Aris Mining  y el SENA",1,0.686,"['Agua y territorio', 'Desarrollo rural', 'Educación y competitividad', 'Infraestructura comunitaria', 'Fortalecimiento comunitario']",2026,1,Marmato,Guadualejo,2,Grupo B,"Agua y territorio, Fortalecimiento comunitario, Desarrollo rural"
alianzas,La gobernacion hizo presencia con huertas caseras y placa huellas,0,0.57,"['Agua y territorio', 'Desarrollo rural', 'Educación y competitividad', 'Infraestructura comunitaria', 'Fortalecimiento comunitario']",2026,1,Marmato,Guadualejo,2,Grupo A,"Desarrollo rural, Infraestructura comunitaria"
alianzas,Collective con el proyecto sembradores de vida,1,0.795,"['Agua y territorio', 'Desarrollo rural', 'Educación y competitividad', 'Infraestructura comunitaria', 'Fortalecimiento comunitario']",2026,1,Supia,Alto San Francisco,2,Grupo B,Desarrollo rural
alianzas,Comité de cafeteros con placas huellas,0,0.852,"['Agua y territorio', 'Desarrollo rural', 'Educación y competitividad', 'Infraestructura comunitaria', 'Fortalecimiento comunitario']",2026,1,Supia,Alto San Francisco,2,Grupo A,Infraestructura comunitaria
alianzas,Insuco,0,0.501,"['Agua y territorio', 'Desarrollo rural', 'Educación y competitividad', 'Infraestructura comunitaria', 'Fortalecimiento comunitario']",2026,1,Supia,Alto San Francisco,2,Grupo A,No determinado
alianzas,Collective,1,0.802,"['Agua y territorio', 'Desarrollo rural', 'Educación y competitividad', 'Infraestructura comunitaria', 'Fortalecimiento comunitario']",2026,1,Supia,Bajo San Francisco,3,Grupo B,No determinado
alianzas,Comité de cafeteros,0,0.819,"['Agua y territorio', 'Desarrollo rural', 'Educación y competitividad', 'Infraestructura comunitaria', 'Fortalecimiento comunitario']",2026,1,Supia,Bajo San Francisco,3,Grupo A,No determinado
alianzas,Gobernacion de caldas,0,0.788,"['Agua y territorio', 'Desarrollo rural', 'Educación y competitividad', 'Infraestructura comunitaria', 'Fortalecimiento comunitario']",2026,1,Supia,Bajo San Francisco,3,Grupo A,No determinado
alianzas,Con el SENA en proyectos productivos,1,0.74,"['Agua y territorio', 'Desarrollo rural', 'Educación y competitividad', 'Infraestructura comunitaria', 'Fortalecimiento comunitario']",2026,1,Supia,La Amalia,2,Grupo B,Desarrollo rural
alianzas,Gobernacion de caldas con asistencia para proyectos y placa huella,0,0.726,"['Agua y territorio', 'Desarrollo rural', 'Educación y competitividad', 'Infraestructura comunitaria', 'Fortalecimiento comunitario']",2026,1,Supia,La Amalia,2,Grupo A,"Desarrollo rural, Infraestructura comunitaria"
alianzas,Collective con apoyo en proyectos productivos,1,0.911,"['Agua y territorio', 'Desarrollo rural', 'Educación y competitividad', 'Infraestructura comunitaria', 'Fortalecimiento comunitario']",2026,1,Supia,La Amalia,2,Grupo B,"Desarrollo rural, Fortalecimiento comunitario"
alianzas,Alcaldia con placa huella,0,0.662,"['Agua y territorio', 'Desarrollo rural', 'Educación y competitividad', 'Infraestructura comunitaria', 'Fortalecimiento comunitario']",2026,1,Supia,La Amalia,2,Grupo A,Infraestructura comunitaria
alianzas,Se tiene el emprendimiento Aromelia con apoyos de emprendimientos de café tostado y molido,0,0.703,"['Agua y territorio', 'Desarrollo rural', 'Educación y competitividad', 'Infraestructura comunitaria', 'Fortalecimiento comunitario']",2026,1,Supia,La Amalia,2,Grupo A,Desarrollo rural
alianzas,Collective con el programa de monitoreos,1,0.799,"['Agua y territorio', 'Desarrollo rural', 'Educación y competitividad', 'Infraestructura comunitaria', 'Fortalecimiento comunitario']",2026,1,Supia,La Bodega,1,Grupo B,Fortalecimiento comunitario
alianzas,La chec y comité de cafeteros con capacitacion y talleres donde se identifica la realidad,0,0.698,"['Agua y territorio', 'Desarrollo rural', 'Educación y competitividad', 'Infraestructura comunitaria', 'Fortalecimiento comunitario']",2026,1,Supia,La Bodega,1,Grupo A,"Fortalecimiento comunitario, Educación y competitividad"
alianzas,"Collective con el programa de infraestructura social, actividades navideñas y reforestacion en cuencas y quebradas",1,0.735,"['Agua y territorio', 'Desarrollo rural', 'Educación y competitividad', 'Infraestructura comunitaria', 'Fortalecimiento comunitario']",2026,1,Supia,La Quinta,4,Grupo B,"Agua y territorio, Infraestructura comunitaria"
proyección,Proyectamos mas placa huellas para la vereda,2,0.727,"['Agua y territorio', 'Desarrollo rural', 'Educación y competitividad', 'Infraestructura comunitaria', 'Fortalecimiento comunitario']",2026,1,Marmato,Guayabales,3,Grupo C,"Infraestructura comunitaria, Agua y territorio"
proyección,Quisieramos tener alumbrado publico,2,0.742,"['Agua y territorio', 'Desarrollo rural', 'Educación y competitividad', 'Infraestructura comunitaria', 'Fortalecimiento comunitario']",2026,1,Marmato,Guayabales,3,Grupo C,Infraestructura comunitaria
proyección,Quisieramos proyectos productivos para las mujeres,2,0.538,"['Agua y territorio', 'Desarrollo rural', 'Educación y competitividad', 'Infraestructura comunitaria', 'Fortalecimiento comunitario']",2026,1,Marmato,Guayabales,3,Grupo C,"Desarrollo rural, Fortalecimiento comunitario"
proyección,Quisieramos que las personas de la comunidad participen mas y sean mas unidas,2,0.616,"['Agua y territorio', 'Desarrollo rural', 'Educación y competitividad', 'Infraestructura comunitaria', 'Fortalecimiento comunitario']",2026,1,Marmato,Guayabales,3,Grupo C,Fortalecimiento comunitario
proyección,"Consideramos que la fortaleza de la vereda son los niños por su union y alegria, son nuestro futuro",2,0.507,"['Agua y territorio', 'Desarrollo rural', 'Educación y competitividad', 'Infraestructura comunitaria', 'Fortalecimiento comunitario']",2026,1,Marmato,Guayabales,3,Grupo C,Fortalecimiento comunitario
proyección,Creemos que tocando puertas podemos lograr todos nuestros objetivos,2,0.565,"['Agua y territorio', 'Desarrollo rural', 'Educación y competitividad', 'Infraestructura comunitaria', 'Fortalecimiento comunitario']",2026,1,Marmato,Guayabales,3,Grupo C,Fortalecimiento comunitario
proyección,"En 10 años proyectamos tener cancha, caseta comunal, que toda la comunidad tenga el servicio de acueducto y toda la via en placa huellas",2,0.745,"['Agua y territorio', 'Desarrollo rural', 'Educación y competitividad', 'Infraestructura comunitaria', 'Fortalecimiento comunitario']",2026,1,Marmato,Guayabales,3,Grupo C,"Agua y territorio, Infraestructura comunitaria, Fortalecimiento comunitario"
proyección,"En 10 años quisiera que la vereda contara con caseta de accion comunal, con alumbrado publico, vias en placa huella y la comunidad mas unida",2,0.788,"['Agua y territorio', 'Desarrollo rural', 'Educación y competitividad', 'Infraestructura comunitaria', 'Fortalecimiento comunitario']",2026,1,Marmato,Buenavista,1,Grupo C,"Infraestructura comunitaria, Agua y territorio, Fortalecimiento comunitario"
proyección,En 10 años proyectamos que la vereda tenga la via hasta el reversadero pavimentada,2,0.688,"['Agua y territorio', 'Desarrollo rural', 'Educación y competitividad', 'Infraestructura comunitaria', 'Fortalecimiento comunitario']",2026,1,Marmato,Guadualejo,2,Grupo C,Infraestructura comunitaria
proyección,Un parque para los niños,1,0.962,"['Agua y territorio', 'Desarrollo rural', 'Educación y competitividad', 'Infraestructura comunitaria', 'Fortalecimiento comunitario']",2026,1,Marmato,Guadualejo,2,Grupo B,Infraestructura comunitaria
proyección,Un buen puesto de salud y caseta comunal,2,0.759,"['Agua y territorio', 'Desarrollo rural', 'Educación y competitividad', 'Infraestructura comunitaria', 'Fortalecimiento comunitario']",2026,1,Marmato,Guadualejo,2,Grupo C,Infraestructura comunitaria
proyección,Adecuar la cancha,2,0.634,"['Agua y territorio', 'Desarrollo rural', 'Educación y competitividad', 'Infraestructura comunitaria', 'Fortalecimiento comunitario']",2026,1,Marmato,Guadualejo,2,Grupo C,Infraestructura comunitaria
proyección,Imaginamos nuestra vereda en 10 años teniendo una buena comunicación entre toda la comunidad,2,0.755,"['Agua y territorio', 'Desarrollo rural', 'Educación y competitividad', 'Infraestructura comunitaria', 'Fortalecimiento comunitario']",2026,1,Supia,Alto San Francisco,2,Grupo C,Fortalecimiento comunitario
proyección,Teniendo un parque para los niños,1,0.986,"['Agua y territorio', 'Desarrollo rural', 'Educación y competitividad', 'Infraestructura comunitaria', 'Fortalecimiento comunitario']",2026,1,Supia,Alto San Francisco,2,Grupo B,Infraestructura comunitaria
proyección,Mejoramiento de las vias,2,0.602,"['Agua y territorio', 'Desarrollo rural', 'Educación y competitividad', 'Infraestructura comunitaria', 'Fortalecimiento comunitario']",2026,1,Supia,Alto San Francisco,2,Grupo C,Infraestructura comunitaria
proyección,Con una cancha,2,0.607,"['Agua y territorio', 'Desarrollo rural', 'Educación y competitividad', 'Infraestructura comunitaria', 'Fortalecimiento comunitario']",2026,1,Supia,Alto San Francisco,2,Grupo C,Infraestructura comunitaria
proyección,La caseta en mejor estado,2,0.684,"['Agua y territorio', 'Desarrollo rural', 'Educación y competitividad', 'Infraestructura comunitaria', 'Fortalecimiento comunitario']",2026,1,Supia,Alto San Francisco,2,Grupo C,Infraestructura comunitaria
proyección,Que exista puesto de salud,2,0.726,"['Agua y territorio', 'Desarrollo rural', 'Educación y competitividad', 'Infraestructura comunitaria', 'Fortalecimiento comunitario']",2026,1,Supia,Alto San Francisco,2,Grupo C,Infraestructura comunitaria
proyección,Que exista turismo en la vereda y que se vean personas extranjeras viendo toda la biodiversidad que tenemos,0,0.862,"['Agua y territorio', 'Desarrollo rural', 'Educación y competitividad', 'Infraestructura comunitaria', 'Fortalecimiento comunitario']",2026,1,Supia,Alto San Francisco,2,Grupo A,Desarrollo rural
proyección,Que existan redes que mejoren la comunicacion,2,0.574,"['Agua y territorio', 'Desarrollo rural', 'Educación y competitividad', 'Infraestructura comunitaria', 'Fortalecimiento comunitario']",2026,1,Supia,Alto San Francisco,2,Grupo C,Fortalecimiento comunitario
proyección,El rol que deberia tener la comunidad para alcanzar esto es tener una buena comunicacion,2,0.703,"['Agua y territorio', 'Desarrollo rural', 'Educación y competitividad', 'Infraestructura comunitaria', 'Fortalecimiento comunitario']",2026,1,Supia,Alto San Francisco,2,Grupo C,Fortalecimiento comunitario
proyección,Nos deberiamos enfocar en proyectarnos para terminar las vias,2,0.701,"['Agua y territorio', 'Desarrollo rural', 'Educación y competitividad', 'Infraestructura comunitaria', 'Fortalecimiento comunitario']",2026,1,Supia,Alto San Francisco,2,Grupo C,"Infraestructura comunitaria, Desarrollo rural"
proyección,Que el camino hacia la cruz tenga escaleras,2,0.5,"['Agua y territorio', 'Desarrollo rural', 'Educación y competitividad', 'Infraestructura comunitaria', 'Fortalecimiento comunitario']",2026,1,Supia,Alto San Francisco,2,Grupo C,Infraestructura comunitaria
proyección,Que los proyectos ambientales esten mas desarrollados,2,0.55,"['Agua y territorio', 'Desarrollo rural', 'Educación y competitividad', 'Infraestructura comunitaria', 'Fortalecimiento comunitario']",2026,1,Supia,Alto San Francisco,2,Grupo C,"Agua y territorio, Desarrollo rural"
proyección,En 10 años quisieramos tener vias en buen estado,2,0.751,"['Agua y territorio', 'Desarrollo rural', 'Educación y competitividad', 'Infraestructura comunitaria', 'Fortalecimiento comunitario']",2026,1,Supia,Bajo San Francisco,3,Grupo C,"Infraestructura comunitaria, Desarrollo rural"
proyección,Tener puesto de salud,2,0.678,"['Agua y territorio', 'Desarrollo rural', 'Educación y competitividad', 'Infraestructura comunitaria', 'Fortalecimiento comunitario']",2026,1,Supia,Bajo San Francisco,3,Grupo C,Infraestructura comunitaria
proyección,Tener una iglesia,2,0.521,"['Agua y territorio', 'Desarrollo rural', 'Educación y competitividad', 'Infraestructura comunitaria', 'Fortalecimiento comunitario']",2026,1,Supia,Bajo San Francisco,3,Grupo C,Infraestructura comunitaria
proyección,Tener agua potable,2,0.523,"['Agua y territorio', 'Desarrollo rural', 'Educación y competitividad', 'Infraestructura comunitaria', 'Fortalecimiento comunitario']",2026,1,Supia,Bajo San Francisco,3,Grupo C,Agua y territorio
proyección,Tener gas domiciliario,2,0.535,"['Agua y territorio', 'Desarrollo rural', 'Educación y competitividad', 'Infraestructura comunitaria', 'Fortalecimiento comunitario']",2026,1,Supia,Bajo San Francisco,3,Grupo C,Agua y territorio
proyección,Tener Parque infantil,1,0.967,"['Agua y territorio', 'Desarrollo rural', 'Educación y competitividad', 'Infraestructura comunitaria', 'Fortalecimiento comunitario']",2026,1,Supia,Bajo San Francisco,3,Grupo B,Infraestructura comunitaria
proyección,Tener puesto de salud,2,0.678,"['Agua y territorio', 'Desarrollo rural', 'Educación y competitividad', 'Infraestructura comunitaria', 'Fortalecimiento comunitario']",2026,1,Supia,Bajo San Francisco,3,Grupo C,
proyección,Potencia el turismo,0,0.871,"['Agua y territorio', 'Desarrollo rural', 'Educación y competitividad', 'Infraestructura comunitaria', 'Fortalecimiento comunitario']",2026,1,Supia,Bajo San Francisco,3,Grupo A,"Desarrollo rural, Fortalecimiento comunitario"
proyección,Para lograr esto proyectos la comunidad deberia formar alianzas con diferentes empresas y mejorar nuestro productos lo que ofrecemos,2,0.62,"['Agua y territorio', 'Desarrollo rural', 'Educación y competitividad', 'Infraestructura comunitaria', 'Fortalecimiento comunitario']",2026,1,Supia,Bajo San Francisco,3,Grupo C,"Desarrollo rural, Fortalecimiento comunitario"
proyección,En 10 años proyectamos que nuestra vereda tenga todas las vias en buen estado,2,0.668,"['Agua y territorio', 'Desarrollo rural', 'Educación y competitividad', 'Infraestructura comunitaria', 'Fortalecimiento comunitario']",2026,1,Supia,La Amalia,2,Grupo C,"Infraestructura comunitaria, Desarrollo rural"
proyección,Que la escuela cuente con parque infantil,1,0.882,"['Agua y territorio', 'Desarrollo rural', 'Educación y competitividad', 'Infraestructura comunitaria', 'Fortalecimiento comunitario']",2026,1,Supia,La Amalia,2,Grupo B,Infraestructura comunitaria
proyección,La caseta comunal en buen estado,2,0.668,"['Agua y territorio', 'Desarrollo rural', 'Educación y competitividad', 'Infraestructura comunitaria', 'Fortalecimiento comunitario']",2026,1,Supia,La Amalia,2,Grupo C,Fortalecimiento comunitario
proyección,Las familias damnificadas por la avalancha con sus viviendas,2,0.462,"['Agua y territorio', 'Desarrollo rural', 'Educación y competitividad', 'Infraestructura comunitaria', 'Fortalecimiento comunitario']",2026,1,Supia,La Amalia,2,Grupo C,Agua y territorio
proyección,Que aromelia se consolide como empresa y genere empleo,2,0.512,"['Agua y territorio', 'Desarrollo rural', 'Educación y competitividad', 'Infraestructura comunitaria', 'Fortalecimiento comunitario']",2026,1,Supia,La Amalia,2,Grupo C,"Desarrollo rural, Fortalecimiento comunitario"
proyección,Contar en la institucion educativa con tecnologia,2,0.504,"['Agua y territorio', 'Desarrollo rural', 'Educación y competitividad', 'Infraestructura comunitaria', 'Fortalecimiento comunitario']",2026,1,Supia,La Amalia,2,Grupo C,Educación y competitividad
proyección,"Contar con mas proyectos productivos, otros en deporte",2,0.59,"['Agua y territorio', 'Desarrollo rural', 'Educación y competitividad', 'Infraestructura comunitaria', 'Fortalecimiento comunitario']",2026,1,Supia,La Amalia,2,Grupo C,Desarrollo rural
proyección,Contar con puesto de salud,2,0.682,"['Agua y territorio', 'Desarrollo rural', 'Educación y competitividad', 'Infraestructura comunitaria', 'Fortalecimiento comunitario']",2026,1,Supia,La Amalia,2,Grupo C,"Agua y territorio, Desarrollo rural"
proyección,En 10 años proyecto en mi vereda a nivel de infraestructura mejora de la institucion educativa y la caseta comunal,2,0.738,"['Agua y territorio', 'Desarrollo rural', 'Educación y competitividad', 'Infraestructura comunitaria', 'Fortalecimiento comunitario']",2026,1,Supia,La Bodega,1,Grupo C,"Fortalecimiento comunitario, Infraestructura comunitaria"
proyección,Contar con cancha y parque,2,0.742,"['Agua y territorio', 'Desarrollo rural', 'Educación y competitividad', 'Infraestructura comunitaria', 'Fortalecimiento comunitario']",2026,1,Supia,La Bodega,1,Grupo C,Infraestructura comunitaria
proyección,"Un lugar enfocado en el turismo, la cultura y la tradicion",0,0.817,"['Agua y territorio', 'Desarrollo rural', 'Educación y competitividad', 'Infraestructura comunitaria', 'Fortalecimiento comunitario']",2026,1,Supia,La Bodega,1,Grupo A,"Desarrollo rural, Fortalecimiento comunitario"
proyección,Aumento de la produccion agricola,0,0.485,"['Agua y territorio', 'Desarrollo rural', 'Educación y competitividad', 'Infraestructura comunitaria', 'Fortalecimiento comunitario']",2026,1,Supia,La Bodega,1,Grupo A,Desarrollo rural
proyección,"Desarrollar un proyecto de exploracion y apropiacion de nuestro entorno natural, para potenciar el turismo, hacernos visibles y que esto se traduzca en desarrollo y bienestar para los habitantes de la vereda",0,0.837,"['Agua y territorio', 'Desarrollo rural', 'Educación y competitividad', 'Infraestructura comunitaria', 'Fortalecimiento comunitario']",2026,1,Supia,La Bodega,1,Grupo A,"Desarrollo rural, Fortalecimiento comunitario"
proyección,En 10 años proyectamos vias en buen estado y el puente arreglado,2,0.589,"['Agua y territorio', 'Desarrollo rural', 'Educación y competitividad', 'Infraestructura comunitaria', 'Fortalecimiento comunitario']",2026,1,Supia,La Quinta,4,Grupo C,Infraestructura comunitaria
proyección,Parque para niños y otro para adultos,1,0.941,"['Agua y territorio', 'Desarrollo rural', 'Educación y competitividad', 'Infraestructura comunitaria', 'Fortalecimiento comunitario']",2026,1,Supia,La Quinta,4,Grupo B,Infraestructura comunitaria
proyección,Servicio de conexion a internet y gas domiciliarios,2,0.502,"['Agua y territorio', 'Desarrollo rural', 'Educación y competitividad', 'Infraestructura comunitaria', 'Fortalecimiento comunitario']",2026,1,Supia,La Quinta,4,Grupo C,Agua y territorio
proyección,Un puesto de salud bien estructurado,2,0.675,"['Agua y territorio', 'Desarrollo rural', 'Educación y competitividad', 'Infraestructura comunitaria', 'Fortalecimiento comunitario']",2026,1,Supia,La Quinta,4,Grupo C,Agua y territorio
